sale_id,date,customer_id,product_id,quantity,unit_price,total_amount,store_id,promotion_id
1001,2025-11-23,399,3,2,210.0,420.0,509,9005
1002,2025-05-28,336,5,1,180.0,180.0,522,9005
1003,2025-06-26,380,3,1,210.0,210.0,519,9005
1004,2025-08-22,254,11,1,0.0,0.0,510,9002
1005,2025-05-02,202,7,4,260.0,1040.0,513,
1006,2025-01-12,393,6,3,185.0,555.0,522,9002
1007,2025-11-07,303,5,1,180.0,180.0,524,
1008,2025-04-23,355,5,2,180.0,360.0,521,9003
1009,2025-11-18,198,10,3,30.0,90.0,504,
1010,2025-08-14,422,11,1,0.0,0.0,502,9002
1011,2025-06-01,397,6,2,185.0,370.0,511,
1012,2025-10-04,313,3,2,210.0,420.0,512,
1013,2025-05-12,372,9,3,25.0,75.0,516,
1014,2025-08-28,252,12,1,0.0,0.0,503,
1015,2025-02-16,173,4,4,140.0,560.0,513,9003
1016,2025-07-08,108,5,1,180.0,180.0,522,9005
1017,2025-02-25,445,5,4,180.0,720.0,522,9003
1018,2025-11-09,220,8,1,40.0,40.0,508,9003
1019,2025-11-29,432,2,4,260.0,1040.0,514,9002
1020,2025-06-05,160,3,1,210.0,210.0,516,
1021,2025-07-18,160,2,2,260.0,520.0,515,
1022,2025-08-01,290,11,1,0.0,0.0,521,
1023,2025-01-17,151,8,4,40.0,160.0,523,9002
1024,2025-05-01,290,4,4,140.0,560.0,512,9005
1025,2025-02-01,151,11,1,0.0,0.0,513,9003
1026,2025-02-16,242,4,1,140.0,140.0,522,9005
1027,2025-06-20,209,11,1,0.0,0.0,508,
1028,2025-10-11,165,10,2,30.0,60.0,507,
1029,2025-03-17,401,4,2,140.0,280.0,520,9003
1030,2025-10-04,102,5,2,180.0,360.0,509,
1031,2025-01-08,190,2,1,260.0,260.0,512,
1032,2025-03-31,222,10,3,30.0,90.0,509,
1033,2025-02-02,127,3,4,210.0,840.0,516,
1034,2025-09-15,330,6,1,185.0,185.0,508,9005
1035,2025-11-26,415,1,3,120.0,360.0,501,9005
1036,2025-12-18,132,8,4,40.0,160.0,504,9004
1037,2025-02-11,352,12,1,0.0,0.0,511,
1038,2025-05-21,412,3,1,210.0,210.0,520,
1039,2025-11-02,425,10,3,30.0,90.0,517,9004
1040,2025-12-26,251,8,4,40.0,160.0,504,
1041,2025-08-20,436,11,1,0.0,0.0,508,9004
1042,2025-08-01,312,6,4,185.0,740.0,524,9004
1043,2025-12-07,149,6,4,185.0,740.0,509,9003
1044,2025-02-16,292,3,4,210.0,840.0,503,
1045,2025-03-08,148,7,1,260.0,260.0,518,9003
1046,2025-07-30,131,10,3,30.0,90.0,512,
1047,2025-11-04,441,7,1,260.0,260.0,510,9002
1048,2025-12-03,281,2,2,260.0,520.0,516,
1049,2025-02-28,215,2,3,260.0,780.0,525,9003
1050,2025-10-15,243,10,2,30.0,60.0,525,9004
1051,2025-01-15,419,10,1,30.0,30.0,506,9002
1052,2025-06-29,240,12,1,0.0,0.0,501,9003
1053,2025-03-14,193,3,4,210.0,840.0,524,
1054,2025-07-12,425,1,1,120.0,120.0,514,9001
1055,2025-06-09,333,6,2,185.0,370.0,524,9003
1056,2025-03-21,267,10,1,30.0,30.0,506,
1057,2025-08-15,417,1,1,120.0,120.0,522,9002
1058,2025-05-20,318,8,4,40.0,160.0,507,9004
1059,2025-02-26,363,2,3,260.0,780.0,510,9004
1060,2025-01-24,448,11,1,0.0,0.0,508,9002
1061,2025-04-15,303,10,1,30.0,30.0,510,
1062,2025-06-17,209,3,3,210.0,630.0,504,9002
1063,2025-03-08,104,8,4,40.0,160.0,513,
1064,2025-02-06,373,12,1,0.0,0.0,513,9003
1065,2025-02-09,122,7,1,260.0,260.0,511,9005
1066,2025-05-29,395,7,4,260.0,1040.0,504,9004
1067,2025-11-13,308,1,3,120.0,360.0,515,
1068,2025-05-05,286,2,4,260.0,1040.0,514,
1069,2025-06-08,402,7,1,260.0,260.0,524,9004
1070,2025-02-09,274,4,3,140.0,420.0,517,
1071,2025-06-29,425,2,2,260.0,520.0,524,9003
1072,2025-03-16,431,3,2,210.0,420.0,509,
1073,2025-04-01,202,3,2,210.0,420.0,525,
1074,2025-12-15,422,8,4,40.0,160.0,519,9005
1075,2025-03-19,430,11,1,0.0,0.0,515,9003
1076,2025-05-21,135,8,4,40.0,160.0,519,9002
1077,2025-08-25,129,6,1,185.0,185.0,515,9002
1078,2025-02-09,120,1,3,120.0,360.0,521,9002
1079,2025-10-25,147,10,4,30.0,120.0,518,9005
1080,2025-11-06,122,8,2,40.0,80.0,516,9003
1081,2025-02-22,357,3,1,210.0,210.0,511,9005
1082,2025-05-07,144,9,2,25.0,50.0,523,
1083,2025-07-10,325,8,2,40.0,80.0,510,9003
1084,2025-11-20,299,7,3,260.0,780.0,521,
1085,2025-10-13,272,2,3,260.0,780.0,522,
1086,2025-06-20,298,5,3,180.0,540.0,503,
1087,2025-06-08,399,11,1,0.0,0.0,521,9003
1088,2025-06-08,440,7,2,260.0,520.0,518,
1089,2025-12-10,293,11,1,0.0,0.0,523,
1090,2025-01-10,370,2,4,260.0,1040.0,512,9003
1091,2025-09-06,259,3,2,210.0,420.0,507,9003
1092,2025-06-01,216,3,2,210.0,420.0,504,
1093,2025-11-13,360,9,1,25.0,25.0,505,9003
1094,2025-04-03,406,7,2,260.0,520.0,523,
1095,2025-07-30,420,3,4,210.0,840.0,512,
1096,2025-11-09,447,12,1,0.0,0.0,510,9005
1097,2025-08-29,330,4,2,140.0,280.0,507,9002
1098,2025-05-25,289,11,1,0.0,0.0,525,9005
1099,2025-04-13,296,9,4,25.0,100.0,520,
1100,2025-07-10,171,5,1,180.0,180.0,518,9005
1101,2025-02-12,153,12,1,0.0,0.0,525,9002
1102,2025-08-12,183,5,4,180.0,720.0,503,
1103,2025-08-01,214,8,3,40.0,120.0,502,
1104,2025-07-17,303,9,3,25.0,75.0,503,9001
1105,2025-02-20,292,4,1,140.0,140.0,523,9003
1106,2025-01-20,433,6,2,185.0,370.0,510,
1107,2025-08-18,342,12,1,0.0,0.0,520,9005
1108,2025-04-21,103,2,1,260.0,260.0,505,9002
1109,2025-05-28,381,12,1,0.0,0.0,508,
1110,2025-08-03,255,2,1,260.0,260.0,521,9001
1111,2025-09-13,419,8,1,40.0,40.0,520,
1112,2025-05-30,375,1,2,120.0,240.0,514,
1113,2025-10-20,101,10,3,30.0,90.0,514,9001
1114,2025-02-04,196,11,1,0.0,0.0,517,9003
1115,2025-08-29,379,9,1,25.0,25.0,502,9004
1116,2025-01-09,426,7,3,260.0,780.0,512,9002
1117,2025-10-25,135,6,2,185.0,370.0,524,
1118,2025-10-07,271,3,1,210.0,210.0,511,9003
1119,2025-11-20,430,3,4,210.0,840.0,506,9005
1120,2025-05-31,170,2,4,260.0,1040.0,507,
1121,2025-06-08,123,4,1,140.0,140.0,517,9003
1122,2025-01-19,304,9,4,25.0,100.0,525,9002
1123,2025-01-25,432,4,3,140.0,420.0,521,9003
1124,2025-08-12,270,5,1,180.0,180.0,513,9003
1125,2025-09-12,326,7,3,260.0,780.0,523,
1126,2025-08-06,355,6,3,185.0,555.0,503,
1127,2025-06-14,321,10,2,30.0,60.0,504,9002
1128,2025-08-17,141,6,3,185.0,555.0,520,9002
1129,2025-08-17,319,3,4,210.0,840.0,502,9003
1130,2025-11-24,281,10,4,30.0,120.0,502,9002
1131,2025-09-20,139,11,1,0.0,0.0,524,9003
1132,2025-11-08,448,3,1,210.0,210.0,522,
1133,2025-05-01,325,1,2,120.0,240.0,525,
1134,2025-10-18,431,6,3,185.0,555.0,502,9004
1135,2025-07-10,410,3,4,210.0,840.0,515,9003
1136,2025-07-23,140,10,2,30.0,60.0,511,9003
1137,2025-01-14,433,5,2,180.0,360.0,524,
1138,2025-05-15,196,8,4,40.0,160.0,525,
1139,2025-11-10,234,12,1,0.0,0.0,510,9001
1140,2025-02-07,352,4,1,140.0,140.0,515,
1141,2025-12-16,189,12,1,0.0,0.0,511,
1142,2025-06-03,442,6,1,185.0,185.0,506,9002
1143,2025-03-04,427,3,3,210.0,630.0,507,9001
1144,2025-07-04,172,4,4,140.0,560.0,518,
1145,2025-11-10,394,6,4,185.0,740.0,503,
1146,2025-09-27,134,5,4,180.0,720.0,514,9005
1147,2025-06-12,310,10,1,30.0,30.0,521,
1148,2025-03-07,138,8,4,40.0,160.0,525,9003
1149,2025-08-10,383,11,1,0.0,0.0,517,
1150,2025-03-26,129,2,2,260.0,520.0,506,9002
1151,2025-09-23,266,12,1,0.0,0.0,510,9003
1152,2025-03-06,141,5,2,180.0,360.0,521,9002
1153,2025-10-31,256,10,1,30.0,30.0,519,
1154,2025-01-15,179,3,3,210.0,630.0,503,
1155,2025-10-20,124,11,1,0.0,0.0,514,9001
1156,2025-11-18,417,11,1,0.0,0.0,518,9005
1157,2025-05-06,249,11,1,0.0,0.0,522,9005
1158,2025-12-19,308,5,4,180.0,720.0,502,
1159,2025-08-26,181,8,4,40.0,160.0,507,9005
1160,2025-06-13,275,10,2,30.0,60.0,524,9003
1161,2025-09-21,277,7,2,260.0,520.0,518,9003
1162,2025-03-04,155,6,2,185.0,370.0,509,9005
1163,2025-01-26,331,4,2,140.0,280.0,510,
1164,2025-03-23,297,10,4,30.0,120.0,511,9001
1165,2025-03-23,396,12,1,0.0,0.0,516,9001
1166,2025-09-12,364,8,4,40.0,160.0,501,9002
1167,2025-04-21,147,7,4,260.0,1040.0,519,9001
1168,2025-09-11,281,1,1,120.0,120.0,520,9002
1169,2025-10-02,435,11,1,0.0,0.0,501,9002
1170,2025-07-07,156,7,2,260.0,520.0,525,9002
1171,2025-01-27,307,6,1,185.0,185.0,519,9004
1172,2025-02-07,388,4,3,140.0,420.0,513,9002
1173,2025-03-07,359,8,3,40.0,120.0,504,
1174,2025-03-15,302,6,3,185.0,555.0,507,9003
1175,2025-01-24,409,9,4,25.0,100.0,502,
1176,2025-09-23,171,12,1,0.0,0.0,515,9005
1177,2025-11-10,177,10,2,30.0,60.0,511,9003
1178,2025-09-17,184,7,3,260.0,780.0,517,9003
1179,2025-01-09,373,8,3,40.0,120.0,512,9005
1180,2025-10-26,270,11,1,0.0,0.0,510,9004
1181,2025-12-02,423,1,4,120.0,480.0,525,9002
1182,2025-10-26,397,10,2,30.0,60.0,516,
1183,2025-12-15,188,9,4,25.0,100.0,508,
1184,2025-01-10,117,10,1,30.0,30.0,515,9001
1185,2025-12-20,261,7,2,260.0,520.0,507,9004
1186,2025-12-28,311,9,4,25.0,100.0,505,
1187,2025-09-27,366,4,3,140.0,420.0,513,9005
1188,2025-10-07,261,3,4,210.0,840.0,512,9003
1189,2025-04-09,447,12,1,0.0,0.0,508,9005
1190,2025-06-02,243,9,3,25.0,75.0,525,9001
1191,2025-06-12,248,12,1,0.0,0.0,516,9005
1192,2025-03-04,279,9,3,25.0,75.0,519,9002
1193,2025-06-26,447,9,4,25.0,100.0,525,9004
1194,2025-02-10,175,5,1,180.0,180.0,512,9002
1195,2025-04-20,327,11,1,0.0,0.0,507,9005
1196,2025-02-25,376,5,3,180.0,540.0,520,
1197,2025-12-09,401,4,2,140.0,280.0,517,
1198,2025-02-21,216,11,1,0.0,0.0,514,
1199,2025-12-15,270,12,1,0.0,0.0,525,
1200,2025-12-01,171,1,2,120.0,240.0,516,9004
1201,2025-06-14,345,11,1,0.0,0.0,510,9002
1202,2025-10-01,431,1,1,120.0,120.0,524,9001
1203,2025-01-19,120,3,4,210.0,840.0,513,
1204,2025-01-05,354,3,3,210.0,630.0,510,
1205,2025-05-26,391,10,1,30.0,30.0,515,9003
1206,2025-09-16,429,9,4,25.0,100.0,515,
1207,2025-03-25,240,4,1,140.0,140.0,524,9003
1208,2025-01-08,335,11,1,0.0,0.0,524,
1209,2025-11-09,273,5,2,180.0,360.0,521,
1210,2025-07-25,308,7,3,260.0,780.0,522,
1211,2025-06-15,149,3,2,210.0,420.0,508,9005
1212,2025-08-17,104,5,4,180.0,720.0,525,9001
1213,2025-05-14,237,6,3,185.0,555.0,521,
1214,2025-12-08,285,12,1,0.0,0.0,504,
1215,2025-12-18,339,5,2,180.0,360.0,517,9004
1216,2025-07-08,260,12,1,0.0,0.0,520,9002
1217,2025-03-20,214,4,2,140.0,280.0,515,9005
1218,2025-10-03,411,6,4,185.0,740.0,522,9005
1219,2025-09-28,212,4,1,140.0,140.0,523,9005
1220,2025-10-08,286,2,1,260.0,260.0,517,
1221,2025-06-17,204,10,2,30.0,60.0,517,
1222,2025-02-16,327,2,2,260.0,520.0,517,9005
1223,2025-09-20,329,1,4,120.0,480.0,514,
1224,2025-12-11,334,10,1,30.0,30.0,510,9005
1225,2025-04-22,112,7,3,260.0,780.0,519,
1226,2025-12-25,138,1,4,120.0,480.0,503,9003
1227,2025-01-17,378,1,1,120.0,120.0,510,9005
1228,2025-07-11,310,3,2,210.0,420.0,513,9004
1229,2025-12-16,330,7,4,260.0,1040.0,522,
1230,2025-04-02,377,3,3,210.0,630.0,518,
1231,2025-01-02,302,9,2,25.0,50.0,525,9001
1232,2025-09-30,112,5,4,180.0,720.0,513,9004
1233,2025-03-21,218,4,4,140.0,560.0,509,9003
1234,2025-12-05,197,12,1,0.0,0.0,514,
1235,2025-02-04,415,1,2,120.0,240.0,504,9001
1236,2025-05-06,405,1,4,120.0,480.0,524,
1237,2025-10-04,123,7,4,260.0,1040.0,507,9001
1238,2025-10-22,129,3,3,210.0,630.0,511,9001
1239,2025-06-04,396,10,3,30.0,90.0,505,9001
1240,2025-06-03,439,9,2,25.0,50.0,509,9004
1241,2025-10-12,132,9,2,25.0,50.0,516,9004
1242,2025-12-23,125,6,4,185.0,740.0,514,9003
1243,2025-04-05,310,3,3,210.0,630.0,525,9004
1244,2025-06-03,376,8,2,40.0,80.0,523,9001
1245,2025-08-02,174,8,1,40.0,40.0,518,9004
1246,2025-05-11,372,3,4,210.0,840.0,507,9001
1247,2025-07-09,270,11,1,0.0,0.0,503,9005
1248,2025-05-18,375,12,1,0.0,0.0,513,
1249,2025-04-07,445,10,1,30.0,30.0,525,
1250,2025-04-17,401,12,1,0.0,0.0,511,9005
1251,2025-03-02,256,1,2,120.0,240.0,524,9001
1252,2025-05-03,346,4,2,140.0,280.0,518,9004
1253,2025-10-01,265,5,4,180.0,720.0,521,9005
1254,2025-09-20,284,5,3,180.0,540.0,516,9003
1255,2025-04-15,339,2,4,260.0,1040.0,512,9003
1256,2025-03-16,261,7,1,260.0,260.0,501,9001
1257,2025-03-20,234,9,4,25.0,100.0,507,9002
1258,2025-09-13,269,4,4,140.0,560.0,518,9001
1259,2025-09-08,436,11,1,0.0,0.0,524,9002
1260,2025-03-28,429,12,1,0.0,0.0,524,9005
1261,2025-04-05,281,3,2,210.0,420.0,518,9005
1262,2025-12-09,429,1,1,120.0,120.0,502,
1263,2025-02-04,104,7,2,260.0,520.0,523,9001
1264,2025-07-11,178,1,2,120.0,240.0,502,9005
1265,2025-01-09,417,11,1,0.0,0.0,501,9005
1266,2025-01-09,373,9,4,25.0,100.0,517,
1267,2025-09-15,241,9,3,25.0,75.0,523,
1268,2025-02-19,446,7,2,260.0,520.0,517,
1269,2025-07-01,177,4,2,140.0,280.0,509,9002
1270,2025-08-24,304,2,3,260.0,780.0,519,9004
1271,2025-12-17,225,12,1,0.0,0.0,503,9002
1272,2025-07-27,435,11,1,0.0,0.0,513,
1273,2025-11-23,294,9,4,25.0,100.0,501,
1274,2025-11-27,188,2,4,260.0,1040.0,511,9004
1275,2025-04-19,390,2,1,260.0,260.0,523,9001
1276,2025-02-08,391,8,3,40.0,120.0,522,
1277,2025-06-11,244,9,1,25.0,25.0,501,
1278,2025-02-09,207,10,2,30.0,60.0,510,9004
1279,2025-12-13,184,10,2,30.0,60.0,518,9004
1280,2025-09-14,270,7,2,260.0,520.0,524,
1281,2025-04-29,278,1,1,120.0,120.0,503,9004
1282,2025-01-16,275,10,4,30.0,120.0,521,9003
1283,2025-07-02,240,8,4,40.0,160.0,518,9001
1284,2025-02-13,293,7,2,260.0,520.0,525,9004
1285,2025-02-12,417,5,2,180.0,360.0,509,
1286,2025-06-12,179,7,2,260.0,520.0,512,9004
1287,2025-08-16,155,2,1,260.0,260.0,512,9002
1288,2025-04-06,239,2,2,260.0,520.0,514,
1289,2025-01-14,330,9,4,25.0,100.0,503,
1290,2025-07-17,282,9,1,25.0,25.0,501,9003
1291,2025-10-14,250,7,4,260.0,1040.0,508,
1292,2025-03-28,393,9,2,25.0,50.0,505,9004
1293,2025-03-16,238,5,3,180.0,540.0,503,9005
1294,2025-06-03,186,7,3,260.0,780.0,516,9004
1295,2025-11-17,140,6,3,185.0,555.0,516,9001
1296,2025-02-24,405,10,2,30.0,60.0,505,9005
1297,2025-11-14,256,1,4,120.0,480.0,513,9003
1298,2025-11-30,269,8,3,40.0,120.0,520,9004
1299,2025-09-03,170,5,3,180.0,540.0,511,9001
1300,2025-12-22,191,7,3,260.0,780.0,521,9002
1301,2025-07-12,352,10,2,30.0,60.0,509,9003
1302,2025-10-31,302,6,1,185.0,185.0,518,9001
1303,2025-12-29,193,11,1,0.0,0.0,507,9005
1304,2025-12-11,325,5,1,180.0,180.0,516,9004
1305,2025-05-10,172,11,1,0.0,0.0,522,9001
1306,2025-02-07,179,12,1,0.0,0.0,515,9004
1307,2025-10-06,407,8,4,40.0,160.0,502,9004
1308,2025-05-08,285,12,1,0.0,0.0,522,
1309,2025-10-16,441,6,2,185.0,370.0,521,
1310,2025-08-09,447,11,1,0.0,0.0,504,9003
1311,2025-09-19,106,2,3,260.0,780.0,524,9001
1312,2025-07-11,366,9,2,25.0,50.0,513,9005
1313,2025-01-13,338,11,1,0.0,0.0,516,9003
1314,2025-03-01,154,5,4,180.0,720.0,524,
1315,2025-08-22,173,6,3,185.0,555.0,507,9003
1316,2025-02-19,367,8,3,40.0,120.0,515,9005
1317,2025-01-23,332,6,1,185.0,185.0,523,9002
1318,2025-12-13,159,1,3,120.0,360.0,506,
1319,2025-06-19,225,9,2,25.0,50.0,518,
1320,2025-11-19,319,8,2,40.0,80.0,506,9004
1321,2025-01-15,196,11,1,0.0,0.0,524,9004
1322,2025-07-19,415,4,4,140.0,560.0,501,9004
1323,2025-10-23,210,4,3,140.0,420.0,504,
1324,2025-04-11,375,3,3,210.0,630.0,515,9003
1325,2025-11-02,159,5,4,180.0,720.0,513,9003
1326,2025-06-30,413,7,1,260.0,260.0,515,9003
1327,2025-12-11,417,3,3,210.0,630.0,505,
1328,2025-03-01,261,2,2,260.0,520.0,506,9002
1329,2025-08-03,292,12,1,0.0,0.0,520,9004
1330,2025-04-06,171,10,4,30.0,120.0,516,9004
1331,2025-09-08,426,9,2,25.0,50.0,510,
1332,2025-11-14,172,3,3,210.0,630.0,502,9005
1333,2025-04-10,284,1,4,120.0,480.0,513,
1334,2025-12-17,388,9,4,25.0,100.0,516,9004
1335,2025-03-27,313,12,1,0.0,0.0,503,9005
1336,2025-01-17,390,1,2,120.0,240.0,509,9002
1337,2025-08-23,216,9,3,25.0,75.0,519,
1338,2025-05-18,354,9,1,25.0,25.0,525,
1339,2025-10-07,379,6,1,185.0,185.0,507,9005
1340,2025-01-17,318,2,2,260.0,520.0,515,9002
1341,2025-03-02,235,6,1,185.0,185.0,525,9005
1342,2025-03-26,222,4,3,140.0,420.0,520,9004
1343,2025-10-19,172,4,2,140.0,280.0,512,
1344,2025-12-27,373,5,2,180.0,360.0,510,9003
1345,2025-03-11,249,10,3,30.0,90.0,525,
1346,2025-12-26,311,1,3,120.0,360.0,505,
1347,2025-12-13,228,3,3,210.0,630.0,513,9001
1348,2025-07-12,351,3,3,210.0,630.0,515,9004
1349,2025-09-21,139,11,1,0.0,0.0,524,9004
1350,2025-09-07,243,12,1,0.0,0.0,511,9005
1351,2025-11-22,398,1,1,120.0,120.0,522,9005
1352,2025-08-08,284,2,4,260.0,1040.0,507,9001
1353,2025-06-22,354,5,3,180.0,540.0,518,9002
1354,2025-12-16,396,3,4,210.0,840.0,525,9003
1355,2025-01-09,125,1,1,120.0,120.0,504,9005
1356,2025-08-08,181,8,4,40.0,160.0,507,
1357,2025-05-21,168,11,1,0.0,0.0,503,
1358,2025-07-10,436,6,3,185.0,555.0,522,
1359,2025-11-17,433,3,1,210.0,210.0,510,9004
1360,2025-01-01,220,7,1,260.0,260.0,507,
1361,2025-09-23,345,2,2,260.0,520.0,522,9001
1362,2025-03-03,328,1,1,120.0,120.0,514,9003
1363,2025-07-16,168,8,1,40.0,40.0,503,9001
1364,2025-06-03,153,2,3,260.0,780.0,505,9003
1365,2025-09-29,296,3,2,210.0,420.0,519,
1366,2025-06-29,105,10,2,30.0,60.0,524,9005
1367,2025-11-12,210,11,1,0.0,0.0,522,9004
1368,2025-03-13,327,4,1,140.0,140.0,525,
1369,2025-08-08,164,10,4,30.0,120.0,511,9003
1370,2025-05-08,172,4,3,140.0,420.0,518,
1371,2025-12-04,408,10,3,30.0,90.0,510,
1372,2025-06-01,206,9,2,25.0,50.0,521,9004
1373,2025-02-27,128,4,4,140.0,560.0,508,9004
1374,2025-07-04,356,11,1,0.0,0.0,511,
1375,2025-10-07,168,7,4,260.0,1040.0,522,9003
1376,2025-10-28,189,8,1,40.0,40.0,503,
1377,2025-01-31,108,5,2,180.0,360.0,513,
1378,2025-12-26,360,5,4,180.0,720.0,513,9004
1379,2025-02-12,143,11,1,0.0,0.0,510,9002
1380,2025-10-02,141,9,2,25.0,50.0,511,
1381,2025-12-24,301,10,1,30.0,30.0,514,9002
1382,2025-08-11,223,1,2,120.0,240.0,504,
1383,2025-12-08,333,10,1,30.0,30.0,524,9002
1384,2025-01-07,437,12,1,0.0,0.0,523,
1385,2025-09-12,171,12,1,0.0,0.0,512,
1386,2025-07-10,368,9,3,25.0,75.0,505,
1387,2025-06-21,238,12,1,0.0,0.0,514,
1388,2025-12-31,240,9,1,25.0,25.0,519,9002
1389,2025-09-19,422,2,4,260.0,1040.0,512,9005
1390,2025-03-22,129,8,2,40.0,80.0,509,9003
1391,2025-09-18,153,10,1,30.0,30.0,501,9001
1392,2025-08-30,123,1,2,120.0,240.0,512,
1393,2025-10-11,297,3,2,210.0,420.0,523,
1394,2025-05-08,436,7,2,260.0,520.0,514,9003
1395,2025-03-03,264,5,1,180.0,180.0,517,9003
1396,2025-09-22,445,1,2,120.0,240.0,502,9001
1397,2025-06-09,306,2,4,260.0,1040.0,511,9002
1398,2025-07-08,145,9,4,25.0,100.0,507,
1399,2025-08-26,250,10,3,30.0,90.0,512,9001
1400,2025-03-19,403,8,2,40.0,80.0,501,9001
1401,2025-11-22,310,1,2,120.0,240.0,523,9003
1402,2025-06-07,105,6,1,185.0,185.0,504,9004
1403,2025-09-09,206,9,2,25.0,50.0,502,9004
1404,2025-01-23,173,12,1,0.0,0.0,508,
1405,2025-02-13,367,7,3,260.0,780.0,519,9005
1406,2025-02-08,149,9,2,25.0,50.0,519,9004
1407,2025-05-02,391,1,4,120.0,480.0,510,
1408,2025-06-12,234,6,4,185.0,740.0,515,9003
1409,2025-03-11,240,4,1,140.0,140.0,525,9001
1410,2025-03-26,400,2,2,260.0,520.0,515,
1411,2025-10-02,339,6,4,185.0,740.0,512,
1412,2025-05-16,207,8,3,40.0,120.0,504,9005
1413,2025-04-21,147,3,3,210.0,630.0,511,
1414,2025-07-22,176,2,2,260.0,520.0,517,9003
1415,2025-03-31,126,11,1,0.0,0.0,501,9002
1416,2025-08-25,308,8,2,40.0,80.0,504,
1417,2025-04-24,172,2,1,260.0,260.0,505,
1418,2025-10-26,202,7,3,260.0,780.0,519,
1419,2025-04-12,233,2,1,260.0,260.0,521,
1420,2025-03-04,328,3,1,210.0,210.0,502,9003
1421,2025-07-22,337,1,2,120.0,240.0,516,9004
1422,2025-07-01,116,7,4,260.0,1040.0,507,
1423,2025-03-18,196,5,3,180.0,540.0,502,9005
1424,2025-09-13,415,10,2,30.0,60.0,514,9002
1425,2025-05-24,382,8,1,40.0,40.0,513,
1426,2025-11-19,171,7,2,260.0,520.0,518,9001
1427,2025-10-06,110,7,3,260.0,780.0,516,9005
1428,2025-05-19,277,10,3,30.0,90.0,506,9004
1429,2025-05-24,114,6,2,185.0,370.0,502,
1430,2025-03-23,342,9,3,25.0,75.0,504,9001
1431,2025-10-01,227,11,1,0.0,0.0,524,9002
1432,2025-03-30,129,4,4,140.0,560.0,506,9003
1433,2025-10-30,222,10,3,30.0,90.0,501,9003
1434,2025-09-10,281,10,2,30.0,60.0,518,9001
1435,2025-02-16,259,3,4,210.0,840.0,502,
1436,2025-09-27,220,10,2,30.0,60.0,516,
1437,2025-06-24,101,6,2,185.0,370.0,523,
1438,2025-03-17,191,6,1,185.0,185.0,519,
1439,2025-07-11,173,2,3,260.0,780.0,523,
1440,2025-06-04,440,7,1,260.0,260.0,511,9003
1441,2025-11-29,170,3,4,210.0,840.0,511,9005
1442,2025-12-07,190,12,1,0.0,0.0,519,9001
1443,2025-03-07,190,7,3,260.0,780.0,506,9002
1444,2025-04-04,101,12,1,0.0,0.0,520,
1445,2025-09-12,263,10,2,30.0,60.0,505,
1446,2025-06-27,270,12,1,0.0,0.0,511,9001
1447,2025-08-17,186,11,1,0.0,0.0,501,9003
1448,2025-06-29,236,4,2,140.0,280.0,509,
1449,2025-07-17,156,12,1,0.0,0.0,515,
1450,2025-07-13,315,3,4,210.0,840.0,512,9005
1451,2025-10-23,380,7,1,260.0,260.0,521,9005
1452,2025-01-18,216,3,4,210.0,840.0,510,
1453,2025-02-07,111,6,3,185.0,555.0,511,
1454,2025-10-08,188,7,2,260.0,520.0,503,
1455,2025-08-09,274,10,4,30.0,120.0,521,
1456,2025-01-28,185,10,4,30.0,120.0,504,
1457,2025-12-23,270,4,2,140.0,280.0,518,9004
1458,2025-05-02,377,5,3,180.0,540.0,504,9002
1459,2025-01-28,126,7,4,260.0,1040.0,512,
1460,2025-12-05,102,7,1,260.0,260.0,521,9002
1461,2025-01-14,408,8,2,40.0,80.0,507,
1462,2025-08-31,188,11,1,0.0,0.0,504,
1463,2025-12-05,258,7,4,260.0,1040.0,509,9005
1464,2025-07-09,147,11,1,0.0,0.0,513,
1465,2025-05-15,290,3,4,210.0,840.0,515,
1466,2025-10-16,339,5,2,180.0,360.0,502,9002
1467,2025-12-09,178,12,1,0.0,0.0,512,
1468,2025-07-18,378,7,2,260.0,520.0,517,
1469,2025-09-01,315,9,4,25.0,100.0,510,9001
1470,2025-03-03,141,7,1,260.0,260.0,525,
1471,2025-04-09,330,3,2,210.0,420.0,505,9001
1472,2025-04-14,122,7,1,260.0,260.0,521,9004
1473,2025-02-04,176,10,3,30.0,90.0,503,9003
1474,2025-05-22,299,9,4,25.0,100.0,517,9003
1475,2025-08-01,335,1,4,120.0,480.0,505,
1476,2025-10-16,176,10,1,30.0,30.0,525,
1477,2025-05-16,152,5,3,180.0,540.0,513,9004
1478,2025-03-30,436,8,4,40.0,160.0,509,
1479,2025-07-22,307,3,4,210.0,840.0,511,
1480,2025-07-10,222,1,4,120.0,480.0,501,9002
1481,2025-09-09,273,5,3,180.0,540.0,523,9002
1482,2025-08-15,151,4,2,140.0,280.0,525,9002
1483,2025-04-07,265,5,4,180.0,720.0,515,
1484,2025-01-29,209,7,4,260.0,1040.0,517,9003
1485,2025-03-11,182,2,3,260.0,780.0,525,9004
1486,2025-04-09,369,10,1,30.0,30.0,507,
1487,2025-01-26,130,4,1,140.0,140.0,512,9005
1488,2025-09-16,202,5,3,180.0,540.0,513,9005
1489,2025-07-10,426,2,1,260.0,260.0,516,9001
1490,2025-10-28,405,8,2,40.0,80.0,518,9005
1491,2025-12-19,280,6,2,185.0,370.0,503,9002
1492,2025-03-25,246,1,4,120.0,480.0,519,
1493,2025-05-18,210,4,2,140.0,280.0,521,9001
1494,2025-08-31,310,9,1,25.0,25.0,505,
1495,2025-05-10,432,3,1,210.0,210.0,520,9001
1496,2025-07-12,257,12,1,0.0,0.0,512,9004
1497,2025-06-04,336,5,2,180.0,360.0,522,9005
1498,2025-01-04,367,10,4,30.0,120.0,517,
1499,2025-12-17,440,6,3,185.0,555.0,504,9002
1500,2025-11-24,347,2,3,260.0,780.0,511,9002
1501,2025-03-18,242,5,3,180.0,540.0,517,9001
1502,2025-12-15,224,1,4,120.0,480.0,505,9003
1503,2025-05-13,114,11,1,0.0,0.0,514,9002
1504,2025-06-25,308,7,1,260.0,260.0,524,9001
1505,2025-09-17,214,11,1,0.0,0.0,510,9003
1506,2025-02-19,188,11,1,0.0,0.0,516,9002
1507,2025-12-15,166,12,1,0.0,0.0,511,
1508,2025-04-25,436,2,2,260.0,520.0,524,9003
1509,2025-05-14,258,7,3,260.0,780.0,519,9003
1510,2025-01-28,251,8,1,40.0,40.0,521,9005
1511,2025-04-10,399,10,1,30.0,30.0,517,9005
1512,2025-07-31,162,11,1,0.0,0.0,502,9002
1513,2025-07-29,178,3,2,210.0,420.0,519,9003
1514,2025-02-11,335,3,3,210.0,630.0,516,
1515,2025-11-21,271,11,1,0.0,0.0,502,9003
1516,2025-03-28,103,8,3,40.0,120.0,519,9001
1517,2025-11-11,182,8,1,40.0,40.0,514,
1518,2025-09-02,425,7,4,260.0,1040.0,513,9004
1519,2025-01-08,103,1,2,120.0,240.0,511,9003
1520,2025-11-17,372,4,1,140.0,140.0,524,
1521,2025-03-08,228,4,3,140.0,420.0,504,9002
1522,2025-02-03,297,9,3,25.0,75.0,502,
1523,2025-08-11,253,5,4,180.0,720.0,522,9003
1524,2025-04-07,169,6,4,185.0,740.0,506,9003
1525,2025-03-09,307,1,2,120.0,240.0,507,9001
1526,2025-07-07,112,10,2,30.0,60.0,523,
1527,2025-10-01,434,1,4,120.0,480.0,520,9002
1528,2025-12-01,125,10,1,30.0,30.0,501,
1529,2025-08-16,125,12,1,0.0,0.0,513,9004
1530,2025-12-26,164,9,3,25.0,75.0,505,9005
1531,2025-08-04,206,12,1,0.0,0.0,522,9002
1532,2025-08-03,152,11,1,0.0,0.0,504,
1533,2025-02-28,362,12,1,0.0,0.0,504,9002
1534,2025-09-25,355,4,2,140.0,280.0,507,9002
1535,2025-03-24,284,12,1,0.0,0.0,502,9002
1536,2025-06-19,381,8,2,40.0,80.0,508,9005
1537,2025-10-21,102,1,1,120.0,120.0,522,
1538,2025-02-21,353,3,1,210.0,210.0,509,
1539,2025-05-16,430,4,4,140.0,560.0,515,9002
1540,2025-05-29,126,2,2,260.0,520.0,512,
1541,2025-02-18,447,6,4,185.0,740.0,525,
1542,2025-06-18,124,1,2,120.0,240.0,512,
1543,2025-07-10,325,10,3,30.0,90.0,511,
1544,2025-08-22,194,2,4,260.0,1040.0,509,9004
1545,2025-11-29,298,12,1,0.0,0.0,506,9004
1546,2025-02-23,158,3,1,210.0,210.0,514,
1547,2025-11-09,403,8,4,40.0,160.0,513,
1548,2025-09-05,284,10,1,30.0,30.0,516,
1549,2025-02-02,158,7,4,260.0,1040.0,509,
1550,2025-12-09,436,6,1,185.0,185.0,511,9001
1551,2025-12-05,366,9,1,25.0,25.0,524,9004
1552,2025-03-18,228,8,3,40.0,120.0,518,9004
1553,2025-09-16,414,1,1,120.0,120.0,516,
1554,2025-06-14,354,3,1,210.0,210.0,508,9005
1555,2025-10-09,270,5,1,180.0,180.0,521,9001
1556,2025-08-24,294,7,2,260.0,520.0,515,
1557,2025-08-17,394,8,1,40.0,40.0,511,9005
1558,2025-07-26,161,8,1,40.0,40.0,514,
1559,2025-11-06,119,9,1,25.0,25.0,520,
1560,2025-06-24,427,5,2,180.0,360.0,512,9005
1561,2025-10-14,128,4,4,140.0,560.0,525,9003
1562,2025-08-20,418,10,4,30.0,120.0,504,9003
1563,2025-06-24,150,11,1,0.0,0.0,512,
1564,2025-01-24,425,5,3,180.0,540.0,506,
1565,2025-05-11,353,3,4,210.0,840.0,520,
1566,2025-04-21,201,4,1,140.0,140.0,515,9004
1567,2025-08-01,198,12,1,0.0,0.0,502,
1568,2025-08-23,425,11,1,0.0,0.0,522,9005
1569,2025-01-03,402,9,2,25.0,50.0,517,9005
1570,2025-09-18,125,9,4,25.0,100.0,525,9005
1571,2025-02-23,191,12,1,0.0,0.0,513,
1572,2025-08-03,437,10,3,30.0,90.0,520,9004
1573,2025-05-31,228,5,4,180.0,720.0,515,9003
1574,2025-12-26,169,3,4,210.0,840.0,518,9002
1575,2025-04-18,261,12,1,0.0,0.0,520,9001
1576,2025-12-30,249,11,1,0.0,0.0,521,
1577,2025-06-30,192,9,3,25.0,75.0,518,
1578,2025-08-05,346,10,4,30.0,120.0,501,9002
1579,2025-03-16,368,2,1,260.0,260.0,502,9004
1580,2025-03-24,444,1,2,120.0,240.0,510,9002
1581,2025-12-20,450,5,2,180.0,360.0,510,
1582,2025-08-20,205,9,1,25.0,25.0,504,9003
1583,2025-05-02,416,11,1,0.0,0.0,517,9004
1584,2025-07-18,248,12,1,0.0,0.0,514,9004
1585,2025-05-09,261,9,1,25.0,25.0,507,
1586,2025-10-29,418,8,2,40.0,80.0,518,9003
1587,2025-08-18,409,4,2,140.0,280.0,506,9002
1588,2025-09-21,450,2,2,260.0,520.0,504,
1589,2025-10-12,294,1,4,120.0,480.0,509,9002
1590,2025-06-19,167,3,3,210.0,630.0,515,
1591,2025-11-02,180,1,2,120.0,240.0,502,9003
1592,2025-10-21,421,10,3,30.0,90.0,518,9005
1593,2025-04-05,284,2,3,260.0,780.0,517,9001
1594,2025-10-06,135,9,2,25.0,50.0,518,9004
1595,2025-04-20,307,2,3,260.0,780.0,522,9001
1596,2025-04-22,270,6,3,185.0,555.0,525,9002
1597,2025-02-28,417,9,4,25.0,100.0,522,
1598,2025-01-21,278,8,2,40.0,80.0,522,9001
1599,2025-05-12,265,7,1,260.0,260.0,518,9004
1600,2025-09-07,245,1,3,120.0,360.0,502,9005
1601,2025-09-21,252,11,1,0.0,0.0,503,9003
1602,2025-04-18,150,3,1,210.0,210.0,522,
1603,2025-04-16,423,4,4,140.0,560.0,518,
1604,2025-01-13,323,11,1,0.0,0.0,515,
1605,2025-01-28,270,1,1,120.0,120.0,506,
1606,2025-05-13,229,9,1,25.0,25.0,514,9001
1607,2025-06-11,299,8,4,40.0,160.0,501,9004
1608,2025-11-25,300,11,1,0.0,0.0,524,
1609,2025-07-03,417,2,1,260.0,260.0,517,
1610,2025-05-25,155,5,3,180.0,540.0,525,
1611,2025-08-31,325,7,4,260.0,1040.0,506,
1612,2025-10-07,374,4,2,140.0,280.0,510,9004
1613,2025-01-06,425,3,3,210.0,630.0,518,9003
1614,2025-01-03,385,3,1,210.0,210.0,519,
1615,2025-04-18,406,7,1,260.0,260.0,524,9002
1616,2025-03-24,277,4,4,140.0,560.0,506,
1617,2025-02-28,214,10,3,30.0,90.0,506,9001
1618,2025-11-27,444,10,1,30.0,30.0,518,9005
1619,2025-02-20,138,5,1,180.0,180.0,507,9002
1620,2025-03-07,398,8,3,40.0,120.0,522,9003
1621,2025-11-14,436,4,1,140.0,140.0,503,9002
1622,2025-06-18,200,6,4,185.0,740.0,520,9005
1623,2025-06-11,438,5,2,180.0,360.0,514,9003
1624,2025-04-24,187,1,3,120.0,360.0,523,9001
1625,2025-03-10,429,7,3,260.0,780.0,522,9003
1626,2025-07-03,270,8,4,40.0,160.0,525,9005
1627,2025-11-27,257,8,1,40.0,40.0,520,
1628,2025-05-15,142,5,2,180.0,360.0,524,9001
1629,2025-09-17,421,2,1,260.0,260.0,521,
1630,2025-01-19,116,10,4,30.0,120.0,518,9001
1631,2025-07-07,234,9,4,25.0,100.0,513,
1632,2025-08-26,215,10,3,30.0,90.0,517,
1633,2025-09-15,362,2,4,260.0,1040.0,501,9003
1634,2025-08-17,440,4,2,140.0,280.0,506,
1635,2025-07-03,192,10,2,30.0,60.0,502,9005
1636,2025-05-16,213,8,2,40.0,80.0,512,
1637,2025-07-18,220,1,2,120.0,240.0,516,9003
1638,2025-02-22,333,1,1,120.0,120.0,523,9003
1639,2025-10-24,367,11,1,0.0,0.0,518,9002
1640,2025-07-07,392,3,4,210.0,840.0,519,9004
1641,2025-04-25,435,2,3,260.0,780.0,517,9004
1642,2025-09-04,308,6,3,185.0,555.0,520,9005
1643,2025-03-26,104,9,2,25.0,50.0,508,9005
1644,2025-03-18,140,9,3,25.0,75.0,506,9001
1645,2025-08-01,181,6,1,185.0,185.0,511,9001
1646,2025-04-18,159,8,4,40.0,160.0,519,9005
1647,2025-05-05,183,11,1,0.0,0.0,502,
1648,2025-11-19,166,10,2,30.0,60.0,517,
1649,2025-03-27,121,10,2,30.0,60.0,509,
1650,2025-12-05,193,9,4,25.0,100.0,510,
1651,2025-09-04,144,4,4,140.0,560.0,506,9005
1652,2025-11-16,213,7,2,260.0,520.0,522,
1653,2025-08-21,362,5,2,180.0,360.0,520,9003
1654,2025-07-17,403,2,2,260.0,520.0,505,9004
1655,2025-03-18,156,1,2,120.0,240.0,520,9004
1656,2025-09-30,150,3,4,210.0,840.0,517,
1657,2025-11-05,161,2,4,260.0,1040.0,518,
1658,2025-07-09,101,11,1,0.0,0.0,502,9004
1659,2025-07-15,372,7,2,260.0,520.0,512,9005
1660,2025-03-10,402,12,1,0.0,0.0,509,9004
1661,2025-11-03,345,4,1,140.0,140.0,518,9002
1662,2025-12-30,310,5,2,180.0,360.0,524,
1663,2025-07-12,104,10,1,30.0,30.0,521,
1664,2025-07-05,206,12,1,0.0,0.0,504,9004
1665,2025-10-02,180,7,3,260.0,780.0,514,9002
1666,2025-04-15,390,6,3,185.0,555.0,514,9004
1667,2025-07-09,383,9,4,25.0,100.0,518,
1668,2025-10-23,385,8,3,40.0,120.0,512,9002
1669,2025-04-28,304,12,1,0.0,0.0,515,
1670,2025-06-23,183,2,2,260.0,520.0,518,9004
1671,2025-07-19,415,12,1,0.0,0.0,521,
1672,2025-11-04,103,2,2,260.0,520.0,514,9005
1673,2025-07-09,146,2,3,260.0,780.0,503,9001
1674,2025-11-11,412,1,4,120.0,480.0,521,9004
1675,2025-11-24,367,5,1,180.0,180.0,516,
1676,2025-04-10,325,1,2,120.0,240.0,502,9002
1677,2025-12-12,407,9,2,25.0,50.0,502,
1678,2025-02-14,285,4,1,140.0,140.0,509,
1679,2025-10-28,305,6,4,185.0,740.0,507,9004
1680,2025-10-09,366,1,1,120.0,120.0,510,
1681,2025-05-22,387,10,3,30.0,90.0,508,9003
1682,2025-10-22,411,4,4,140.0,560.0,501,9004
1683,2025-10-14,234,3,4,210.0,840.0,503,
1684,2025-09-20,358,5,3,180.0,540.0,509,
1685,2025-07-13,376,10,3,30.0,90.0,519,9005
1686,2025-12-15,348,4,3,140.0,420.0,515,9005
1687,2025-05-13,401,1,4,120.0,480.0,503,
1688,2025-06-11,296,11,1,0.0,0.0,514,9001
1689,2025-05-08,281,9,1,25.0,25.0,510,9002
1690,2025-10-11,148,7,3,260.0,780.0,506,
1691,2025-10-21,344,6,3,185.0,555.0,509,9001
1692,2025-04-13,194,12,1,0.0,0.0,508,9005
1693,2025-04-14,224,5,2,180.0,360.0,508,9001
1694,2025-03-03,417,6,2,185.0,370.0,503,
1695,2025-10-05,447,11,1,0.0,0.0,502,
1696,2025-10-22,347,6,3,185.0,555.0,509,9005
1697,2025-04-24,352,3,3,210.0,630.0,525,9004
1698,2025-09-02,396,3,1,210.0,210.0,518,9004
1699,2025-12-18,117,9,3,25.0,75.0,525,9004
1700,2025-06-11,190,8,1,40.0,40.0,523,9005
1701,2025-10-25,105,1,2,120.0,240.0,504,9004
1702,2025-10-08,267,6,3,185.0,555.0,509,
1703,2025-07-07,222,5,4,180.0,720.0,506,9003
1704,2025-12-25,356,7,2,260.0,520.0,525,9004
1705,2025-08-19,291,6,4,185.0,740.0,506,9002
1706,2025-05-19,393,3,2,210.0,420.0,508,
1707,2025-03-16,385,7,4,260.0,1040.0,524,9001
1708,2025-08-04,177,8,1,40.0,40.0,516,
1709,2025-06-03,169,11,1,0.0,0.0,509,9005
1710,2025-02-20,388,10,1,30.0,30.0,523,9004
1711,2025-09-01,184,1,2,120.0,240.0,521,9002
1712,2025-07-04,150,8,3,40.0,120.0,512,9002
1713,2025-01-11,387,9,3,25.0,75.0,514,9003
1714,2025-05-26,163,6,2,185.0,370.0,512,
1715,2025-02-10,267,11,1,0.0,0.0,513,9005
1716,2025-03-27,415,5,4,180.0,720.0,521,
1717,2025-02-10,273,7,4,260.0,1040.0,506,
1718,2025-12-01,276,4,3,140.0,420.0,510,9003
1719,2025-08-16,237,10,4,30.0,120.0,525,9002
1720,2025-03-27,286,12,1,0.0,0.0,506,9004
1721,2025-12-25,112,3,2,210.0,420.0,524,9002
1722,2025-02-22,141,4,2,140.0,280.0,504,9004
1723,2025-07-23,133,8,1,40.0,40.0,517,
1724,2025-02-13,143,2,3,260.0,780.0,521,
1725,2025-05-26,300,5,2,180.0,360.0,515,9001
1726,2025-01-15,421,3,2,210.0,420.0,502,
1727,2025-08-28,440,6,3,185.0,555.0,518,9005
1728,2025-12-24,240,9,4,25.0,100.0,518,
1729,2025-09-26,191,10,4,30.0,120.0,521,9004
1730,2025-09-04,428,9,3,25.0,75.0,518,9003
1731,2025-07-07,217,2,4,260.0,1040.0,514,9002
1732,2025-01-01,234,3,3,210.0,630.0,517,
1733,2025-10-01,170,6,3,185.0,555.0,501,9005
1734,2025-08-09,352,8,3,40.0,120.0,510,
1735,2025-04-07,406,4,1,140.0,140.0,514,9003
1736,2025-03-25,388,7,4,260.0,1040.0,523,9001
1737,2025-05-15,431,7,4,260.0,1040.0,503,9001
1738,2025-05-26,317,11,1,0.0,0.0,521,9002
1739,2025-02-05,373,5,4,180.0,720.0,506,9001
1740,2025-11-13,170,5,1,180.0,180.0,515,9005
1741,2025-06-14,240,12,1,0.0,0.0,501,9001
1742,2025-02-22,178,1,1,120.0,120.0,510,
1743,2025-04-30,238,3,4,210.0,840.0,503,
1744,2025-06-25,178,1,4,120.0,480.0,514,9001
1745,2025-12-23,260,8,3,40.0,120.0,502,9005
1746,2025-05-17,270,2,2,260.0,520.0,525,
1747,2025-04-09,301,2,4,260.0,1040.0,509,
1748,2025-07-17,296,1,1,120.0,120.0,525,9001
1749,2025-08-24,327,4,1,140.0,140.0,524,9001
1750,2025-07-19,149,9,2,25.0,50.0,522,9005
1751,2025-10-09,260,6,2,185.0,370.0,517,
1752,2025-04-12,163,5,4,180.0,720.0,512,9002
1753,2025-05-01,127,11,1,0.0,0.0,521,
1754,2025-05-22,323,6,1,185.0,185.0,519,
1755,2025-01-22,162,7,2,260.0,520.0,519,
1756,2025-02-15,344,12,1,0.0,0.0,508,9003
1757,2025-11-17,181,8,1,40.0,40.0,502,9003
1758,2025-03-06,131,6,2,185.0,370.0,516,
1759,2025-04-09,220,6,3,185.0,555.0,501,9005
1760,2025-01-21,294,6,2,185.0,370.0,516,9002
1761,2025-04-08,325,9,3,25.0,75.0,519,9005
1762,2025-08-28,196,9,3,25.0,75.0,509,9003
1763,2025-09-29,407,9,2,25.0,50.0,505,
1764,2025-08-21,331,5,3,180.0,540.0,501,9003
1765,2025-01-10,427,9,4,25.0,100.0,520,
1766,2025-02-02,287,10,2,30.0,60.0,522,9003
1767,2025-10-10,376,7,2,260.0,520.0,505,9005
1768,2025-11-25,414,5,3,180.0,540.0,511,9004
1769,2025-03-08,157,2,1,260.0,260.0,506,
1770,2025-04-09,117,4,1,140.0,140.0,504,9005
1771,2025-09-27,117,10,4,30.0,120.0,520,9005
1772,2025-04-24,403,5,1,180.0,180.0,520,9003
1773,2025-02-10,137,1,2,120.0,240.0,515,9005
1774,2025-07-08,428,1,3,120.0,360.0,523,9004
1775,2025-02-06,130,10,3,30.0,90.0,510,
1776,2025-04-29,140,4,1,140.0,140.0,518,
1777,2025-10-19,298,4,2,140.0,280.0,521,9001
1778,2025-11-23,192,9,4,25.0,100.0,519,
1779,2025-02-23,284,11,1,0.0,0.0,506,9004
1780,2025-12-03,193,9,4,25.0,100.0,506,9003
1781,2025-06-11,374,10,4,30.0,120.0,518,9003
1782,2025-06-15,267,6,4,185.0,740.0,520,9004
1783,2025-10-09,224,10,2,30.0,60.0,524,9004
1784,2025-07-23,231,6,4,185.0,740.0,501,9005
1785,2025-06-04,118,5,1,180.0,180.0,501,
1786,2025-01-12,254,4,2,140.0,280.0,525,9003
1787,2025-01-20,242,9,2,25.0,50.0,515,
1788,2025-07-07,283,3,2,210.0,420.0,519,9002
1789,2025-02-17,228,4,3,140.0,420.0,519,9002
1790,2025-06-16,305,10,2,30.0,60.0,516,
1791,2025-01-20,189,8,1,40.0,40.0,524,9002
1792,2025-06-21,396,7,1,260.0,260.0,512,
1793,2025-12-01,323,7,1,260.0,260.0,520,9001
1794,2025-06-06,106,11,1,0.0,0.0,517,
1795,2025-09-15,122,6,2,185.0,370.0,523,9003
1796,2025-08-17,214,3,1,210.0,210.0,525,9004
1797,2025-08-10,405,10,1,30.0,30.0,510,9001
1798,2025-02-12,302,3,2,210.0,420.0,516,9003
1799,2025-05-15,393,12,1,0.0,0.0,503,9004
1800,2025-03-11,305,9,4,25.0,100.0,516,
1801,2025-11-30,387,4,4,140.0,560.0,519,9004
1802,2025-02-06,201,9,2,25.0,50.0,509,9001
1803,2025-12-10,321,6,1,185.0,185.0,514,
1804,2025-06-14,317,6,3,185.0,555.0,512,9001
1805,2025-03-28,405,11,1,0.0,0.0,512,9002
1806,2025-01-23,416,8,2,40.0,80.0,508,9005
1807,2025-02-13,203,11,1,0.0,0.0,504,
1808,2025-01-08,128,4,2,140.0,280.0,511,9002
1809,2025-01-12,157,5,4,180.0,720.0,511,9005
1810,2025-10-07,208,12,1,0.0,0.0,517,9001
1811,2025-12-22,233,9,4,25.0,100.0,523,
1812,2025-05-11,443,1,4,120.0,480.0,506,
1813,2025-01-28,131,5,2,180.0,360.0,515,9002
1814,2025-12-05,436,1,1,120.0,120.0,509,9004
1815,2025-01-10,440,11,1,0.0,0.0,510,
1816,2025-09-18,433,7,2,260.0,520.0,523,9004
1817,2025-04-06,151,6,4,185.0,740.0,507,
1818,2025-05-07,357,8,1,40.0,40.0,517,
1819,2025-03-22,257,6,4,185.0,740.0,501,9004
1820,2025-11-17,278,11,1,0.0,0.0,510,9003
1821,2025-11-17,221,9,3,25.0,75.0,509,
1822,2025-03-19,299,1,3,120.0,360.0,511,9001
1823,2025-07-15,302,11,1,0.0,0.0,517,
1824,2025-05-04,448,10,2,30.0,60.0,519,9004
1825,2025-08-18,179,7,3,260.0,780.0,518,9003
1826,2025-03-12,168,4,2,140.0,280.0,510,9001
1827,2025-12-02,369,3,4,210.0,840.0,519,
1828,2025-04-05,181,6,1,185.0,185.0,511,
1829,2025-07-31,175,12,1,0.0,0.0,514,9003
1830,2025-04-07,256,8,3,40.0,120.0,504,
1831,2025-11-07,168,3,1,210.0,210.0,519,9002
1832,2025-12-18,414,4,2,140.0,280.0,501,9001
1833,2025-09-15,284,2,4,260.0,1040.0,520,
1834,2025-07-18,341,12,1,0.0,0.0,516,
1835,2025-04-26,343,3,2,210.0,420.0,502,9001
1836,2025-04-24,310,1,3,120.0,360.0,524,9004
1837,2025-04-01,444,4,2,140.0,280.0,515,
1838,2025-05-07,416,8,3,40.0,120.0,514,9005
1839,2025-07-21,308,1,4,120.0,480.0,520,9003
1840,2025-08-20,393,10,1,30.0,30.0,515,
1841,2025-10-13,122,4,4,140.0,560.0,513,
1842,2025-05-30,365,11,1,0.0,0.0,515,9001
1843,2025-03-27,304,5,3,180.0,540.0,514,9005
1844,2025-08-26,251,10,1,30.0,30.0,521,
1845,2025-10-27,332,2,1,260.0,260.0,523,
1846,2025-06-15,380,3,4,210.0,840.0,515,9004
1847,2025-08-21,113,3,4,210.0,840.0,503,9001
1848,2025-02-16,229,6,2,185.0,370.0,504,
1849,2025-09-26,331,11,1,0.0,0.0,523,
1850,2025-10-09,297,12,1,0.0,0.0,513,9004
1851,2025-03-25,123,3,3,210.0,630.0,505,
1852,2025-06-07,192,12,1,0.0,0.0,510,9004
1853,2025-03-09,329,5,2,180.0,360.0,507,
1854,2025-08-23,102,10,3,30.0,90.0,516,
1855,2025-05-02,356,9,1,25.0,25.0,507,9005
1856,2025-07-29,402,11,1,0.0,0.0,515,9005
1857,2025-10-08,141,10,1,30.0,30.0,509,9001
1858,2025-04-05,418,11,1,0.0,0.0,505,
1859,2025-03-16,129,11,1,0.0,0.0,502,
1860,2025-02-14,442,10,3,30.0,90.0,502,9003
1861,2025-12-11,156,7,2,260.0,520.0,510,
1862,2025-10-24,413,11,1,0.0,0.0,512,9005
1863,2025-07-08,119,2,3,260.0,780.0,513,9003
1864,2025-08-30,135,7,1,260.0,260.0,505,9002
1865,2025-09-27,163,12,1,0.0,0.0,514,9003
1866,2025-02-25,369,4,2,140.0,280.0,519,
1867,2025-12-19,423,9,1,25.0,25.0,520,9005
1868,2025-09-27,248,7,3,260.0,780.0,519,9002
1869,2025-09-24,420,6,2,185.0,370.0,524,9005
1870,2025-11-09,424,8,4,40.0,160.0,508,
1871,2025-01-13,249,4,1,140.0,140.0,515,
1872,2025-07-31,421,2,2,260.0,520.0,502,9004
1873,2025-11-24,271,6,2,185.0,370.0,507,
1874,2025-06-03,245,5,1,180.0,180.0,517,9002
1875,2025-12-18,382,6,1,185.0,185.0,511,
1876,2025-04-10,275,7,1,260.0,260.0,511,
1877,2025-01-19,274,11,1,0.0,0.0,521,9005
1878,2025-10-02,170,8,2,40.0,80.0,511,9005
1879,2025-10-17,337,7,1,260.0,260.0,524,9002
1880,2025-10-23,448,6,1,185.0,185.0,522,9001
1881,2025-05-24,270,6,1,185.0,185.0,501,
1882,2025-04-06,274,7,2,260.0,520.0,520,9004
1883,2025-05-20,160,5,3,180.0,540.0,514,
1884,2025-08-20,145,8,2,40.0,80.0,510,9003
1885,2025-02-27,211,9,3,25.0,75.0,512,
1886,2025-09-17,120,4,1,140.0,140.0,501,9005
1887,2025-06-24,348,9,2,25.0,50.0,516,9001
1888,2025-02-20,369,5,3,180.0,540.0,517,
1889,2025-08-24,447,3,2,210.0,420.0,513,
1890,2025-01-23,368,2,1,260.0,260.0,522,9002
1891,2025-01-24,405,2,3,260.0,780.0,504,9005
1892,2025-10-23,367,11,1,0.0,0.0,525,
1893,2025-04-13,260,11,1,0.0,0.0,507,9003
1894,2025-12-10,247,5,3,180.0,540.0,504,9005
1895,2025-02-28,240,3,2,210.0,420.0,501,9002
1896,2025-10-05,419,9,1,25.0,25.0,512,9001
1897,2025-12-27,382,6,3,185.0,555.0,510,
1898,2025-06-09,394,4,2,140.0,280.0,520,
1899,2025-03-08,274,9,4,25.0,100.0,501,
1900,2025-07-16,342,11,1,0.0,0.0,502,
1901,2025-12-27,145,7,4,260.0,1040.0,520,
1902,2025-06-09,404,11,1,0.0,0.0,511,9003
1903,2025-10-18,202,12,1,0.0,0.0,505,9005
1904,2025-08-22,148,12,1,0.0,0.0,510,
1905,2025-04-29,430,12,1,0.0,0.0,508,9005
1906,2025-07-20,174,10,3,30.0,90.0,506,9003
1907,2025-09-07,441,6,3,185.0,555.0,501,9005
1908,2025-09-03,134,8,1,40.0,40.0,515,9003
1909,2025-09-18,188,5,3,180.0,540.0,504,
1910,2025-10-12,308,12,1,0.0,0.0,521,9003
1911,2025-10-30,137,5,4,180.0,720.0,514,9004
1912,2025-09-04,223,10,2,30.0,60.0,513,
1913,2025-08-11,134,6,2,185.0,370.0,519,9004
1914,2025-12-06,276,9,2,25.0,50.0,522,
1915,2025-10-31,140,12,1,0.0,0.0,520,
1916,2025-04-01,338,6,1,185.0,185.0,510,9005
1917,2025-06-17,308,2,1,260.0,260.0,516,9004
1918,2025-04-22,431,11,1,0.0,0.0,505,
1919,2025-12-05,398,11,1,0.0,0.0,505,
1920,2025-11-12,332,9,3,25.0,75.0,519,9004
1921,2025-06-03,329,4,2,140.0,280.0,519,9003
1922,2025-02-15,448,5,4,180.0,720.0,519,9003
1923,2025-05-31,105,10,4,30.0,120.0,502,
1924,2025-12-27,290,9,1,25.0,25.0,518,
1925,2025-05-01,284,2,3,260.0,780.0,514,
1926,2025-07-27,403,7,3,260.0,780.0,513,9004
1927,2025-09-01,323,9,2,25.0,50.0,505,
1928,2025-08-02,197,9,4,25.0,100.0,505,9003
1929,2025-01-06,248,11,1,0.0,0.0,503,
1930,2025-12-03,432,1,2,120.0,240.0,514,9005
1931,2025-08-22,170,2,2,260.0,520.0,523,9004
1932,2025-09-18,410,7,2,260.0,520.0,514,9005
1933,2025-04-26,383,8,4,40.0,160.0,506,9003
1934,2025-05-02,318,10,1,30.0,30.0,523,9005
1935,2025-01-18,357,5,4,180.0,720.0,502,9003
1936,2025-10-25,391,8,3,40.0,120.0,516,
1937,2025-09-22,141,3,3,210.0,630.0,503,9005
1938,2025-08-30,368,10,1,30.0,30.0,521,9001
1939,2025-11-10,440,11,1,0.0,0.0,502,9002
1940,2025-08-21,276,9,1,25.0,25.0,517,9005
1941,2025-06-30,341,10,3,30.0,90.0,510,9004
1942,2025-10-16,249,3,1,210.0,210.0,509,9002
1943,2025-10-21,132,11,1,0.0,0.0,502,
1944,2025-09-06,437,5,1,180.0,180.0,503,9002
1945,2025-05-10,165,9,1,25.0,25.0,505,9002
1946,2025-01-08,416,5,3,180.0,540.0,524,9002
1947,2025-12-04,158,10,2,30.0,60.0,515,
1948,2025-09-06,290,3,3,210.0,630.0,506,9001
1949,2025-03-16,371,1,3,120.0,360.0,520,
1950,2025-05-02,179,8,4,40.0,160.0,522,9004
1951,2025-10-23,326,12,1,0.0,0.0,524,9001
1952,2025-01-27,277,1,3,120.0,360.0,506,
1953,2025-09-01,338,7,4,260.0,1040.0,524,9002
1954,2025-08-31,373,4,4,140.0,560.0,509,9004
1955,2025-05-28,175,9,4,25.0,100.0,515,
1956,2025-02-19,296,11,1,0.0,0.0,518,
1957,2025-06-21,427,6,4,185.0,740.0,509,9002
1958,2025-08-25,237,2,3,260.0,780.0,525,9004
1959,2025-09-24,446,12,1,0.0,0.0,511,9001
1960,2025-10-08,447,12,1,0.0,0.0,501,9003
1961,2025-07-30,445,1,1,120.0,120.0,504,
1962,2025-04-23,369,2,4,260.0,1040.0,524,9003
1963,2025-01-13,246,5,2,180.0,360.0,520,
1964,2025-12-29,148,1,2,120.0,240.0,504,
1965,2025-12-03,145,10,2,30.0,60.0,525,9004
1966,2025-12-23,432,10,2,30.0,60.0,506,
1967,2025-11-24,230,5,4,180.0,720.0,515,
1968,2025-03-24,242,7,3,260.0,780.0,525,9002
1969,2025-07-18,138,5,1,180.0,180.0,511,9004
1970,2025-08-14,131,5,3,180.0,540.0,503,
1971,2025-11-27,352,4,4,140.0,560.0,516,
1972,2025-11-11,156,3,4,210.0,840.0,521,9001
1973,2025-01-18,155,8,3,40.0,120.0,503,
1974,2025-01-10,137,10,3,30.0,90.0,516,9005
1975,2025-12-07,177,11,1,0.0,0.0,513,
1976,2025-10-22,237,3,3,210.0,630.0,501,9004
1977,2025-08-12,364,12,1,0.0,0.0,513,9005
1978,2025-07-16,136,9,2,25.0,50.0,523,
1979,2025-12-16,347,2,3,260.0,780.0,510,9003
1980,2025-10-01,306,1,1,120.0,120.0,511,9003
1981,2025-04-01,142,8,3,40.0,120.0,518,9001
1982,2025-12-23,121,7,2,260.0,520.0,513,9002
1983,2025-02-13,155,11,1,0.0,0.0,521,9005
1984,2025-01-19,325,12,1,0.0,0.0,507,
1985,2025-07-19,113,12,1,0.0,0.0,503,9005
1986,2025-10-01,377,11,1,0.0,0.0,515,9005
1987,2025-06-22,109,1,3,120.0,360.0,524,
1988,2025-12-01,122,7,1,260.0,260.0,522,9001
1989,2025-02-06,368,8,2,40.0,80.0,502,9001
1990,2025-11-13,173,8,1,40.0,40.0,502,9005
1991,2025-03-30,225,12,1,0.0,0.0,521,
1992,2025-11-09,126,5,1,180.0,180.0,506,9005
1993,2025-09-12,403,2,1,260.0,260.0,520,
1994,2025-08-07,416,4,1,140.0,140.0,511,9001
1995,2025-12-17,448,7,3,260.0,780.0,519,
1996,2025-01-24,380,3,3,210.0,630.0,519,9001
1997,2025-05-21,189,6,1,185.0,185.0,505,
1998,2025-08-13,313,3,3,210.0,630.0,508,
1999,2025-11-20,398,1,2,120.0,240.0,520,
2000,2025-02-11,293,3,1,210.0,210.0,501,9005
